<?xml version="1.0" encoding="UTF-8"?>
<project-private xmlns="http://www.netbeans.org/ns/project-private/1">
    <editor-bookmarks xmlns="http://www.netbeans.org/ns/editor-bookmarks/2" lastBookmarkId="0"/>
    <open-files xmlns="http://www.netbeans.org/ns/projectui-open-files/2">
        <group>
            <file>file:/E:/NetBeansProjects/CodigosCursoUdemy/src/aulapratica2/Cliente.java</file>
            <file>file:/E:/NetBeansProjects/CodigosCursoUdemy/src/aulapratica2/ClienteApp.java</file>
            <file>file:/E:/NetBeansProjects/CodigosCursoUdemy/src/aulapratica2/ClientePF.java</file>
            <file>file:/E:/NetBeansProjects/CodigosCursoUdemy/src/aulapratica2/ClientePJ.java</file>
        </group>
    </open-files>
</project-private>
